"pitches","player_id","player_name","total_pitches","pitch_percent","ba","iso","babip","slg","woba","xwoba","xba","hits","abs","launch_speed","launch_angle","spin_rate","velocity","effective_speed","whiffs","swings","takes","eff_min_vel","release_extension","pos3_int_start_distance","pos4_int_start_distance","pos5_int_start_distance","pos6_int_start_distance","pos7_int_start_distance","pos8_int_start_distance","pos9_int_start_distance"
"2566",448179,"Rich Hill","6147","41.7","0.211","0.088","0.280","0.299","0.268","0.283","0.221","136","645","80.5","2.6","2837","74.6","73.31","281","1205","1336","-1.3","5.82","109","152","110","146","296","317","294"
"2431",500779,"Jose Quintana","9369","25.9","0.232","0.186","0.287","0.418","0.295","0.277","0.225","121","521","82.9","13.0","2166","77.1","76.43","300","966","1455","-0.7","5.83","110","151","108","147","297","314","290"
"2416",605400,"Aaron Nola","7675","31.5","0.165","0.096","0.263","0.260","0.199","0.196","0.166","105","638","78.9","5.5","2537","77.5","76.77","462","1147","1249","-0.7","6.11","108","151","110","147","291","317","289"
"2125",446372,"Corey Kluber","9315","22.8","0.103","0.072","0.177","0.175","0.126","0.165","0.138","66","639","77.6","17.2","2598","84.1","83.45","553","1207","914","-0.7","5.79","109","152","114","149","289","312","290"
"2071",461829,"Gio Gonzalez","9502","21.8","0.188","0.089","0.327","0.277","0.243","0.237","0.174","74","393","81.9","0.0","2749","75.9","74.58","252","694","1359","-1.3","5.66","109","150","112","147","297","309","288"
"1870",621244,"Jose Berrios","6600","28.3","0.212","0.142","0.303","0.354","0.267","0.251","0.194","97","458","81.1","14.9","2380","81.6","80.67","281","826","1034","-0.9","5.88","108","149","116","146","294","318","291"
"1753",467100,"Ivan Nova","7516","23.3","0.167","0.142","0.291","0.309","0.217","0.201","0.158","71","424","81.4","11.4","2300","80.6","79.25","297","711","1035","-1.3","5.47","111","151","113","147","299","318","295"
"1667",425794,"Adam Wainwright","6083","27.4","0.237","0.130","0.319","0.367","0.285","0.276","0.230","97","409","79.7","6.5","2660","73.6","72.49","220","729","930","-1.1","5.92","112","147","111","146","295","315","299"
"1637",434378,"Justin Verlander","10626","15.4","0.181","0.094","0.261","0.275","0.210","0.215","0.181","67","371","80.5","9.5","2817","79.7","78.13","164","615","1017","-1.6","5.32","110","154","117","148","297","323","292"
"1591",592791,"Jameson Taillon","6836","23.3","0.211","0.097","0.378","0.308","0.237","0.202","0.174","78","370","81.3","1.0","2634","81.5","80.44","198","598","990","-1.1","5.76","111","151","113","149","299","315","295"
"1529",450203,"Charlie Morton","5351","28.6","0.122","0.104","0.220","0.226","0.189","0.185","0.124","48","393","77.9","3.8","2904","80.1","78.42","289","648","863","-1.7","5.45","110","151","116","150","284","316","291"
"1514",433587,"Felix Hernandez","6400","23.7","0.230","0.149","0.285","0.379","0.290","0.311","0.247","77","335","82.2","5.5","2373","79.4","78.55","178","645","854","-0.8","5.95","109","153","111","149","287","316","291"
"1490",608566,"German Marquez","6133","24.3","0.170","0.121","0.330","0.291","0.210","0.187","0.153","72","423","81.3","4.1","2683","81.2","79.34","281","667","815","-1.9","4.96","113","152","114","146","300","321","302"
"1463",595191,"Jerad Eickhoff","5259","27.8","0.168","0.110","0.310","0.278","0.213","0.177","0.137","66","392","80.0","13.5","2546","75.9","75.17","217","583","876","-0.7","5.92","110","150","110","147","287","313","288"
"1458",571666,"Mike Fiers","8084","18.0","0.186","0.099","0.265","0.285","0.221","0.223","0.193","58","312","80.5","-0.7","2733","73.6","72.31","152","520","924","-1.3","5.80","110","150","115","149","286","315","291"
"1426",519144,"Rick Porcello","9889","14.4","0.260","0.145","0.286","0.405","0.301","0.315","0.259","63","242","81.7","7.2","2828","74.5","72.66","135","530","884","-1.8","5.29","112","153","114","147","282","320","293"
"1382",543521,"Collin McHugh","5443","25.4","0.221","0.117","0.373","0.339","0.266","0.231","0.187","68","307","80.9","7.6","2662","73.5","72.97","246","570","808","-0.5","6.15","109","149","118","150","282","315","288"
"1310",543699,"Tanner Roark","9529","13.7","0.214","0.134","0.291","0.348","0.255","0.279","0.234","67","313","82.2","6.8","2731","76.1","74.60","194","612","684","-1.5","5.50","112","152","112","149","292","310","293"
"1304",544931,"Stephen Strasburg","7288","17.9","0.177","0.083","0.299","0.260","0.214","0.202","0.160","53","300","80.0","2.6","2755","82.1","82.01","158","450","848","-0.1","6.31","112","151","110","149","293","309","293"
"1301",452657,"Jon Lester","9417","13.8","0.150","0.138","0.228","0.287","0.212","0.219","0.159","38","254","80.3","11.8","2539","75.1","74.15","227","478","815","-0.9","5.68","111","151","109","148","296","318","291"
"1286",543557,"Mike Montgomery","5535","23.2","0.167","0.080","0.261","0.247","0.217","0.247","0.197","44","263","80.1","7.7","2358","77.3","76.68","171","494","775","-0.6","6.06","111","151","110","148","297","318","293"
"1270",572140,"Tyler Skaggs","4436","28.6","0.236","0.115","0.342","0.351","0.279","0.244","0.203","72","305","80.6","-2.5","2748","75.4","74.03","148","561","694","-1.4","5.84","109","151","111","147","303","322","296"
"1260",518516,"Madison Bumgarner","7290","17.3","0.165","0.074","0.278","0.240","0.193","0.196","0.163","60","363","80.9","6.5","2339","76.6","75.82","217","617","635","-0.8","5.87","109","148","111","146","293","314","293"
"1233",502624,"Chase Anderson","7495","16.5","0.171","0.095","0.215","0.266","0.204","0.232","0.197","43","252","81.1","5.4","2193","77.3","75.52","114","423","804","-1.8","5.16","110","154","112","149","301","315","289"
"1188",543243,"Sonny Gray","6860","17.3","0.233","0.118","0.321","0.351","0.272","0.270","0.226","57","245","80.8","8.4","2855","81.6","80.42","159","465","720","-1.2","5.80","110","154","112","147","294","323","295"
"1177",430935,"Cole Hamels","8626","13.6","0.161","0.092","0.287","0.252","0.214","0.206","0.156","35","218","81.6","8.0","2159","79.3","78.43","177","437","724","-0.9","5.77","106","150","110","147","301","325","297"
"1149",458708,"Josh Tomlin","5885","19.5","0.241","0.233","0.279","0.474","0.304","0.294","0.253","64","266","81.8","9.8","2748","75.0","72.99","164","500","646","-2.0","4.85","109","154","113","149","291","314","291"
"1128",598264,"Matt Barnes","3508","32.2","0.203","0.069","0.333","0.272","0.233","0.206","0.166","47","232","80.6","6.3","2214","82.9","82.50","169","433","689","-0.4","6.12","110","150","113","146","281","319","292"
"1121",477132,"Clayton Kershaw","6947","16.1","0.154","0.086","0.237","0.240","0.171","0.192","0.175","45","292","79.4","3.3","2381","73.3","72.37","165","481","635","-0.9","5.86","112","153","110","146","294","313","290"
"1103",471911,"Carlos Carrasco","8274","13.3","0.181","0.102","0.295","0.283","0.213","0.189","0.161","46","254","80.5","3.1","2678","83.2","82.95","190","470","626","-0.2","6.00","110","153","112","149","288","313","290"
"1059",453562,"Jake Arrieta","8628","12.3","0.211","0.169","0.307","0.380","0.267","0.237","0.190","50","237","81.1","7.1","2740","80.1","78.68","155","425","626","-1.4","5.62","113","152","111","148","293","319","296"
"1055",571927,"Steven Matz","6016","17.5","0.248","0.115","0.332","0.363","0.272","0.250","0.227","69","278","81.0","1.1","2404","78.5","78.24","106","462","587","-0.3","6.12","113","150","110","147","295","315","295"
"1043",628317,"Kenta Maeda","7162","14.6","0.348","0.234","0.356","0.582","0.404","0.376","0.303","55","158","84.0","8.5","2515","74.5","73.47","62","286","748","-1.0","5.66","114","152","109","146","295","321","297"
"1041",573124,"Taylor Rogers","2864","36.3","0.183","0.110","0.271","0.293","0.229","0.227","0.172","45","246","78.6","14.9","2804","78.4","76.96","170","486","544","-1.4","5.46","108","147","114","145","290","317","293"
"1036",605483,"Blake Snell","6912","15.0","0.122","0.055","0.311","0.176","0.145","0.139","0.116","29","238","79.4","1.6","2479","79.7","78.78","223","450","585","-0.9","5.84","110","153","114","146","296","320","286"
"1015",425844,"Zack Greinke","8878","11.4","0.198","0.144","0.240","0.342","0.247","0.269","0.223","48","243","81.0","10.2","2535","73.4","72.06","134","439","573","-1.3","5.44","113","153","113","149","301","327","303"
"1009",592662,"Robbie Ray","8178","12.3","0.185","0.109","0.279","0.293","0.254","0.268","0.202","34","184","81.6","3.1","2032","82.1","81.26","182","398","607","-0.8","5.68","106","152","111","149","303","324","298"
"991",460283,"Jerry Blevins","2421","40.9","0.181","0.060","0.290","0.242","0.224","0.220","0.170","45","248","76.4","15.4","2399","71.4","70.51","191","445","538","-0.9","5.99","113","151","112","147","289","314","299"
"985",605228,"Jose Fernandez","2943","33.5","0.151","0.103","0.324","0.255","0.198","0.179","0.137","41","271","80.4","11.1","2381","84.3","84.38","238","480","502","0.1","6.40","109","149","108","145","290","320","293"
"969",519455,"Jordan Zimmermann","6427","15.1","0.290","0.240","0.331","0.529","0.343","0.317","0.254","64","221","84.0","11.2","2404","80.6","79.80","97","411","557","-0.8","5.61","111","153","113","145","299","325","294"
"969",592351,"Jon Gray","7426","13.0","0.190","0.127","0.301","0.317","0.236","0.224","0.184","39","205","80.5","13.9","2515","79.4","79.68","137","363","601","0.3","6.35","114","152","113","147","298","321","302"
"959",571510,"Matthew Boyd","6899","13.9","0.216","0.131","0.271","0.346","0.266","0.225","0.185","33","153","79.9","22.7","2231","73.6","72.61","78","275","677","-1.0","5.69","108","152","111","146","299","324","292"
"955",607625,"Seth Lugo","4216","22.7","0.225","0.063","0.295","0.288","0.238","0.264","0.230","54","240","80.8","-0.1","3164","78.6","77.21","106","419","531","-1.4","5.67","112","151","111","148","290","315","298"
"952",518748,"Justin Grimm","2177","43.7","0.172","0.094","0.267","0.266","0.221","0.239","0.186","40","233","84.5","7.6","2204","82.4","82.47","171","404","546","0.1","6.56","114","151","111","147","294","318","294"
"939",605200,"Zach Davies","6802","13.8","0.227","0.223","0.251","0.450","0.284","0.257","0.229","55","242","82.2","7.3","2600","73.6","72.33","123","445","490","-1.3","5.56","109","153","110","150","302","313","290"
"909",518633,"Danny Duffy","7769","11.7","0.221","0.097","0.346","0.318","0.243","0.218","0.198","48","217","84.4","7.7","2330","81.6","81.35","133","395","511","-0.2","6.28","111","151","113","144","297","318","294"
"897",502043,"Kyle Gibson","8321","10.8","0.281","0.096","0.372","0.377","0.288","0.282","0.271","47","167","84.5","8.7","2389","80.5","80.50","128","348","544","0.0","6.18","108","149","113","147","291","315","293"
"892",501789,"Will Harris","2602","34.3","0.152","0.009","0.296","0.161","0.141","0.166","0.155","32","211","81.0","0.6","2711","82.2","81.30","183","407","482","-0.9","6.04","109","150","115","150","285","315","286"
"892",605164,"Dylan Bundy","7614","11.7","0.242","0.136","0.298","0.379","0.274","0.266","0.231","32","132","82.9","16.6","2265","75.4","74.28","62","251","640","-1.1","5.54","110","155","115","148","295","315","296"
"884",489119,"Wade Miley","7079","12.5","0.263","0.161","0.308","0.424","0.313","0.315","0.273","54","205","84.7","1.0","2463","76.8","75.32","100","394","485","-1.5","5.25","106","152","112","146","297","315","292"
"873",451596,"Yovani Gallardo","6066","14.4","0.230","0.191","0.261","0.422","0.286","0.286","0.242","47","204","86.1","8.5","2401","79.5","78.37","98","346","526","-1.1","5.56","109","153","113","148","294","314","295"
"850",592826,"Vince Velasquez","5953","14.3","0.301","0.189","0.362","0.490","0.363","0.305","0.249","62","206","84.3","8.4","2410","80.9","80.00","78","343","499","-0.9","5.88","109","153","112","147","291","320","292"
"844",450729,"Doug Fister","5647","14.9","0.234","0.158","0.303","0.391","0.293","0.253","0.200","43","184","80.6","8.6","2072","72.0","71.19","119","353","488","-0.8","5.86","111","149","112","148","282","318","290"
"838",527048,"Martin Perez","7583","11.1","0.271","0.224","0.292","0.494","0.332","0.398","0.314","46","170","86.5","13.3","2511","79.6","78.59","86","337","500","-1.0","5.46","105","150","111","146","300","326","296"
"830",594798,"Jacob deGrom","8734","9.5","0.256","0.176","0.311","0.432","0.307","0.314","0.259","45","176","82.5","9.6","2530","81.7","82.31","108","345","479","0.6","6.52","114","151","109","147","290","312","296"
"826",444857,"Scott Feldman","3225","25.6","0.168","0.158","0.176","0.326","0.214","0.258","0.216","31","184","78.9","10.2","2535","75.9","74.92","103","351","474","-1.0","5.89","113","150","112","149","290","309","283"
"819",453286,"Max Scherzer","10168","8.1","0.224","0.209","0.242","0.433","0.296","0.285","0.227","30","134","80.9","19.4","2498","78.1","77.24","59","257","553","-0.9","5.66","114","152","108","150","290","310","296"
"819",456696,"David Hernandez","3050","26.9","0.180","0.155","0.286","0.335","0.240","0.209","0.167","37","206","80.8","17.8","2214","81.3","80.05","167","400","415","-1.2","5.68","110","150","111","147","292","315","290"
"812",656794,"Sean Newcomb","4752","17.1","0.168","0.060","0.250","0.228","0.207","0.230","0.192","28","167","83.0","-5.6","2748","77.5","75.40","88","286","520","-2.1","5.23","106","150","107","148","300","317","291"
"810",593372,"Carlos Martinez","8135","10.0","0.201","0.084","0.364","0.285","0.233","0.198","0.161","43","214","80.1","15.1","2134","84.6","82.61","120","324","477","-2.0","5.10","111","148","112","146","295","313","297"
"804",462382,"Jim Johnson","3045","26.4","0.185","0.077","0.302","0.262","0.213","0.200","0.169","31","168","82.3","7.7","2208","79.4","78.05","108","303","497","-1.3","5.49","111","150","109","149","295","317","294"
"799",435221,"Brandon McCarthy","3363","23.8","0.281","0.184","0.324","0.465","0.325","0.285","0.242","52","185","83.4","14.6","2575","80.3","78.89","59","314","476","-1.4","5.35","111","151","110","147","298","322","297"
"793",592314,"Mike Foltynewicz","7932","10.0","0.230","0.142","0.291","0.372","0.267","0.254","0.211","34","148","80.2","18.0","2458","79.4","78.87","77","268","521","-0.5","5.76","107","149","107","150","293","315","293"
"790",592717,"Aaron Sanchez","5326","14.8","0.198","0.113","0.328","0.311","0.230","0.234","0.200","42","212","78.9","0.2","2867","78.9","77.53","114","320","466","-1.4","5.75","111","154","118","148","293","319","296"
"789",456167,"A.J. Griffin","3385","23.3","0.202","0.104","0.280","0.306","0.248","0.239","0.189","37","183","77.7","17.8","2607","66.6","66.01","108","330","454","-0.6","6.21","108","151","113","147","298","329","300"
"784",656756,"Jordan Montgomery","2980","26.3","0.170","0.103","0.275","0.273","0.211","0.207","0.165","33","194","80.0","12.4","2374","80.3","79.20","148","360","422","-1.1","5.58","104","150","110","144","302","321","285"
"782",605309,"Keone Kela","2105","37.1","0.128","0.057","0.263","0.185","0.153","0.162","0.128","27","211","79.7","19.5","2348","83.4","83.42","156","361","419","0.0","6.21","109","150","112","146","300","326","298"
"779",607192,"Tyler Glasnow","3514","22.2","0.217","0.222","0.305","0.439","0.307","0.282","0.202","43","198","81.2","4.1","2661","80.9","81.66","119","340","435","0.8","6.97","111","151","114","147","298","318","298"
"778",607352,"Joe Biagini","4280","18.2","0.199","0.178","0.329","0.377","0.270","0.219","0.159","29","146","80.6","2.4","2871","79.1","77.43","89","276","496","-1.7","5.44","110","151","114","147","295","319","295"
"770",570649,"Yordano Ventura","3050","25.2","0.172","0.079","0.287","0.251","0.194","0.233","0.198","35","203","87.3","6.0","2626","83.6","81.81","116","333","433","-1.8","5.19","115","149","113","144","295","318","295"
"762",571760,"Andrew Heaney","3257","23.4","0.179","0.164","0.282","0.344","0.243","0.244","0.189","35","195","83.2","6.5","2383","78.7","76.92","153","348","408","-1.8","5.12","110","152","111","148","297","320","298"
"754",527054,"Julio Teheran","8849","8.5","0.277","0.292","0.284","0.569","0.365","0.316","0.241","36","130","81.3","16.1","2594","72.7","71.85","89","279","472","-0.9","5.55","111","148","107","151","293","314","294"
"749",543475,"Jordan Lyles","3619","20.7","0.224","0.136","0.315","0.360","0.277","0.233","0.184","48","214","80.9","-3.3","2346","83.0","82.96","106","350","396","0.0","6.23","112","151","116","147","299","318","299"
"746",462136,"Marco Estrada","8589","8.7","0.279","0.121","0.339","0.400","0.294","0.279","0.252","46","165","83.8","6.3","2657","77.1","74.66","36","238","507","-2.4","4.75","110","153","114","147","295","320","293"
"736",664192,"Joey Lucchesi","2158","34.1","0.228","0.152","0.364","0.380","0.284","0.266","0.202","39","171","79.9","18.0","2055","79.2","78.79","146","344","389","-0.4","5.80","112","150","115","147","299","318","300"
"733",450308,"Jered Weaver","3507","20.9","0.259","0.228","0.253","0.487","0.321","0.312","0.263","50","193","80.9","22.1","2484","69.8","68.94","98","391","335","-0.9","5.86","108","151","109","146","305","323","301"
"729",608379,"Michael Wacha","6433","11.3","0.195","0.090","0.255","0.286","0.228","0.230","0.187","26","133","82.6","7.2","2200","75.9","75.62","58","216","512","-0.3","6.22","113","149","110","147","295","316","298"
"726",605218,"Carl Edwards Jr.","2698","26.9","0.097","0.097","0.175","0.195","0.160","0.170","0.120","15","154","77.7","6.9","2469","81.0","80.68","141","272","450","-0.3","6.23","116","152","110","149","294","317","295"
"723",519151,"Ryan Pressly","3224","22.4","0.170","0.065","0.298","0.235","0.202","0.173","0.136","34","200","79.4","6.8","3127","83.2","81.24","135","353","370","-2.0","5.27","110","147","115","146","291","316","292"
"695",430912,"Matt Cain","3651","19.0","0.224","0.129","0.237","0.353","0.245","0.263","0.231","38","170","79.3","16.6","2695","75.3","73.14","66","307","384","-2.2","4.79","111","148","109","147","289","312","295"
"694",434628,"Jason Hammel","7725","9.0","0.330","0.273","0.406","0.602","0.407","0.362","0.277","29","88","83.3","9.1","2268","77.3","76.93","53","197","491","-0.4","6.15","115","153","108","146","297","321","301"
"690",453329,"Clay Buchholz","3789","18.2","0.359","0.171","0.376","0.530","0.401","0.380","0.336","42","117","80.9","13.2","2762","77.4","76.42","55","238","449","-1.0","5.88","108","150","112","147","288","322","294"
"688",594835,"Marco Gonzales","3265","21.1","0.314","0.092","0.352","0.405","0.313","0.297","0.282","48","153","88.4","-1.8","2440","78.3","77.04","72","318","366","-1.3","5.56","107","152","111","147","292","319","290"
"678",605182,"Mike Clevinger","6336","10.7","0.170","0.088","0.264","0.259","0.196","0.220","0.199","25","147","80.0","5.2","2199","75.3","75.09","131","311","363","-0.2","6.16","110","154","112","150","286","314","294"
"672",518452,"Chad Bettis","5717","11.8","0.236","0.224","0.256","0.460","0.286","0.251","0.223","38","161","81.4","17.2","2226","75.2","74.27","105","290","380","-0.9","5.40","112","152","113","146","301","321","302"
"667",543056,"Danny Coulombe","2030","32.9","0.161","0.069","0.252","0.230","0.194","0.201","0.166","28","174","84.6","-4.5","2614","80.6","78.70","84","272","391","-1.9","5.30","109","150","114","149","294","321","299"
"656",434671,"Anibal Sanchez","6563","10.0","0.373","0.355","0.341","0.727","0.467","0.388","0.311","41","110","82.2","20.3","2166","77.8","77.31","39","215","438","-0.5","5.80","110","151","109","146","300","323","294"
"654",456068,"Miguel Gonzalez","4889","13.4","0.244","0.191","0.237","0.435","0.297","0.320","0.272","32","131","83.3","14.5","2773","77.4","75.95","35","228","424","-1.4","5.27","112","154","109","147","294","313","294"
"642",571945,"Miles Mikolas","3004","21.4","0.234","0.114","0.298","0.347","0.257","0.265","0.232","39","167","82.2","4.3","2613","78.5","77.12","67","270","371","-1.4","5.56","116","148","109","150","295","316","300"
"634",543294,"Kyle Hendricks","8215","7.7","0.384","0.205","0.375","0.589","0.422","0.316","0.284","28","73","83.9","5.4","2815","73.4","71.73","32","150","478","-1.7","5.36","115","152","110","149","295","321","298"
"625",433589,"Yusmeiro Petit","3632","17.2","0.189","0.143","0.307","0.332","0.229","0.205","0.177","37","196","76.7","30.4","2162","77.0","77.54","127","344","279","0.5","6.62","111","150","115","147","301","320","294"
"623",592836,"Taijuan Walker","5278","11.8","0.215","0.238","0.220","0.454","0.297","0.306","0.241","28","130","82.0","5.4","2289","76.0","74.93","69","245","375","-1.1","5.70","113","153","110","148","295","319","298"
"614",598271,"Brian Johnson","2158","28.5","0.245","0.153","0.276","0.399","0.297","0.289","0.238","40","163","85.3","4.9","2496","74.4","73.51","66","289","323","-0.9","5.91","110","151","115","149","279","317","290"
"612",543542,"Alex Meyer","1645","37.2","0.149","0.121","0.277","0.270","0.199","0.199","0.158","21","141","78.0","8.7","2464","85.0","85.27","102","241","368","0.3","6.47","109","151","109","148","299","323","300"
"603",592811,"Andrew Triggs","2736","22.0","0.177","0.109","0.297","0.286","0.224","0.227","0.165","26","147","80.8","21.2","2605","76.1","74.86","95","248","349","-1.2","5.70","111","151","115","148","296","324","298"
"600",593334,"Domingo German","1720","34.9","0.184","0.156","0.314","0.340","0.257","0.221","0.164","27","147","82.2","9.8","2517","81.9","80.39","114","268","328","-1.5","5.33","107","153","112","147","296","322","290"
"592",488768,"Andrew Cashner","7655","7.7","0.311","0.205","0.318","0.516","0.371","0.342","0.291","38","122","85.7","8.4","2271","81.2","79.35","32","209","383","-1.8","5.02","112","155","113","148","292","320","297"
"584",407793,"John Lackey","5626","10.4","0.289","0.289","0.271","0.579","0.379","0.430","0.341","35","121","88.0","11.5","2315","78.4","77.41","57","232","346","-1.0","5.68","115","152","108","150","292","319","297"
"583",545333,"Trevor Bauer","9093","6.4","0.132","0.090","0.227","0.222","0.157","0.178","0.163","19","144","82.9","-0.9","2514","77.5","76.30","81","234","347","-1.2","5.58","110","151","113","148","294","310","286"
"579",542882,"Matt Andriese","4769","12.1","0.269","0.176","0.299","0.444","0.304","0.319","0.272","29","108","83.6","3.7","2666","80.8","78.82","43","213","364","-2.0","5.14","112","152","113","147","296","326","299"
"578",608717,"Chris Stratton","3665","15.8","0.206","0.119","0.291","0.325","0.252","0.289","0.228","26","126","81.5","7.6","3106","77.5","76.62","72","222","356","-0.9","5.86","111","150","113","148","295","318","296"
"565",547943,"Hyun-Jin Ryu","3455","16.4","0.188","0.116","0.264","0.304","0.222","0.229","0.202","21","112","80.8","10.6","2466","72.4","71.72","67","190","372","-0.7","5.99","111","153","111","145","298","320","293"
"560",543022,"Tyler Chatwood","6960","8.0","0.171","0.137","0.274","0.308","0.221","0.215","0.176","20","117","80.8","1.9","2918","78.5","77.34","64","193","365","-1.2","5.58","118","153","112","149","297","320","302"
"551",606131,"Luis Perdomo","5760","9.6","0.248","0.209","0.351","0.457","0.305","0.246","0.201","32","129","81.4","4.5","2342","83.5","82.34","84","236","311","-1.2","5.38","107","152","114","144","289","316","294"
"529",592789,"Noah Syndergaard","5806","9.1","0.221","0.087","0.333","0.308","0.244","0.213","0.194","23","104","78.7","10.3","2234","83.1","82.87","78","191","336","-0.2","6.14","113","153","109","148","291","316","296"
"526",446899,"Brad Ziegler","2799","18.8","0.174","0.084","0.318","0.257","0.210","0.169","0.134","29","167","76.9","17.5","2074","73.8","72.90","103","254","270","-0.9","5.80","107","148","112","146","298","320","292"
"521",534947,"Tim Adleman","3195","16.3","0.194","0.215","0.230","0.409","0.277","0.248","0.197","18","93","78.6","11.4","1976","74.9","74.02","63","184","333","-0.9","5.86","115","149","111","147","295","308","285"
"520",598287,"Noe Ramirez","1819","28.6","0.322","0.276","0.373","0.598","0.427","0.345","0.254","28","87","80.2","17.1","2753","77.7","76.20","49","185","328","-1.5","5.39","108","151","112","146","298","320","294"
"514",554430,"Zack Wheeler","4445","11.6","0.183","0.135","0.262","0.317","0.256","0.245","0.179","19","104","81.7","5.5","2562","79.0","79.01","61","205","299","0.0","6.28","114","151","111","148","290","314","298"
"502",612672,"Wei-Yin Chen","4635","10.8","0.212","0.047","0.321","0.259","0.214","0.258","0.241","18","85","85.7","4.8","2241","74.2","73.33","56","167","332","-0.9","5.71","107","150","108","146","298","320","292"
"494",543272,"Brad Hand","3858","12.8","0.116","0.063","0.244","0.179","0.154","0.199","0.149","11","95","83.0","18.3","2665","81.7","79.26","84","178","315","-2.4","4.77","105","150","113","143","289","313","294"
"488",621389,"Ty Blach","4640","10.5","0.288","0.087","0.315","0.375","0.286","0.304","0.289","30","104","85.6","0.2","2304","76.1","73.86","25","172","314","-2.2","4.80","110","149","110","147","294","315","294"
"487",543184,"Christian Friedrich","2139","22.8","0.283","0.061","0.350","0.343","0.287","0.278","0.260","28","99","83.0","7.1","2606","77.5","76.59","44","195","291","-0.9","5.64","103","151","113","145","293","315","292"
"482",534812,"Kevin Quackenbush","1707","28.2","0.210","0.143","0.260","0.352","0.269","0.293","0.233","22","105","85.3","1.7","1934","78.4","77.03","47","177","305","-1.4","5.46","108","151","115","146","294","315","296"
"480",625643,"Reynaldo Lopez","4657","10.3","0.259","0.123","0.345","0.383","0.299","0.267","0.224","21","81","81.2","22.2","2197","77.5","76.71","47","155","322","-0.8","5.73","112","150","110","147","296","312","291"
"479",596133,"Luke Weaver","4114","11.6","0.315","0.198","0.316","0.514","0.363","0.360","0.303","35","111","87.4","17.6","2184","80.4","79.24","31","175","304","-1.2","5.51","114","148","108","148","294","315","298"
"471",435043,"Zach Duke","2219","21.2","0.097","0.022","0.220","0.119","0.179","0.175","0.089","13","134","75.0","14.4","2299","74.5","73.03","86","200","262","-1.5","5.51","110","148","112","145","290","314","289"
"466",453214,"Steven Wright","3703","12.6","0.197","0.205","0.193","0.402","0.272","0.273","0.211","23","117","77.1","15.2","1902","67.3","65.75","66","222","242","-1.6","5.43","109","151","118","146","280","316","284"
"466",607229,"Robert Gsellman","4045","11.5","0.208","0.158","0.288","0.366","0.255","0.248","0.206","21","101","82.1","7.1","2643","81.0","79.41","45","159","306","-1.6","5.33","114","151","112","147","289","313","298"
"461",502083,"Zach McAllister","2683","17.2","0.276","0.138","0.377","0.414","0.298","0.274","0.245","24","87","84.1","16.7","2299","81.2","82.20","57","160","300","1.0","6.70","110","152","113","149","290","314","290"
"459",571951,"Bryan Mitchell","2150","21.3","0.248","0.111","0.293","0.359","0.293","0.322","0.269","29","117","83.8","5.2","2726","81.3","80.24","44","205","253","-1.1","5.88","111","150","115","145","298","320","294"
"455",608337,"Lucas Giolito","4109","11.1","0.279","0.151","0.319","0.430","0.323","0.292","0.260","24","86","82.9","4.3","2414","78.9","78.04","29","157","294","-0.9","6.04","113","151","113","148","296","313","293"
"446",488984,"Tommy Hunter","2313","19.3","0.241","0.180","0.308","0.421","0.287","0.251","0.220","32","133","82.4","8.8","2721","85.0","84.45","72","234","211","-0.5","5.79","113","153","115","147","299","323","293"
"444",476451,"Jeremy Hellickson","6923","6.4","0.159","0.103","0.215","0.262","0.192","0.260","0.228","17","107","82.1","-1.5","2967","77.2","75.25","56","180","260","-2.0","5.27","109","149","110","145","285","311","287"
"439",468504,"Jhoulys Chacin","8334","5.3","0.178","0.067","0.229","0.244","0.215","0.229","0.183","16","90","80.0","11.5","2512","78.0","76.16","38","161","275","-1.8","5.23","110","152","110","147","296","319","300"
"437",460059,"Mike Pelfrey","4346","10.1","0.239","0.174","0.265","0.413","0.316","0.317","0.255","11","46","76.0","10.9","2024","70.8","70.97","50","121","314","0.2","6.46","113","154","113","146","296","314","294"
"436",592869,"Tyler Wilson","1735","25.1","0.220","0.220","0.253","0.440","0.291","0.287","0.239","24","109","84.4","15.4","2448","79.5","79.36","51","202","232","-0.1","6.13","108","152","115","147","297","308","293"
"433",596043,"Daniel Mengden","3734","11.6","0.158","0.126","0.265","0.284","0.212","0.202","0.162","15","95","82.0","5.7","2480","73.4","72.74","57","168","262","-0.7","6.17","112","152","116","150","297","322","300"
"429",594902,"Ben Lively","1952","22.0","0.267","0.181","0.298","0.448","0.337","0.309","0.233","28","105","79.9","16.0","2047","75.5","75.27","29","188","239","-0.2","6.16","109","150","108","148","288","316","293"
"429",543606,"Jake Odorizzi","9012","4.8","0.190","0.302","0.156","0.492","0.327","0.346","0.245","12","63","81.6","19.8","2287","72.2","70.37","22","134","293","-1.8","5.00","117","154","116","148","295","324","300"
"425",607231,"John Gant","3108","13.7","0.274","0.137","0.316","0.411","0.315","0.302","0.245","20","73","85.6","12.9","2574","75.9","75.15","40","132","293","-0.7","5.98","112","148","110","148","295","314","298"
"422",547888,"Masahiro Tanaka","8143","5.2","0.265","0.162","0.327","0.426","0.298","0.288","0.240","18","68","85.9","17.2","2390","76.5","75.20","29","115","305","-1.3","5.40","109","154","109","146","293","321","289"
"422",542953,"Buddy Boshers","1102","38.3","0.180","0.130","0.250","0.310","0.227","0.235","0.191","18","100","81.7","2.9","2411","80.1","78.22","71","184","237","-1.9","5.02","107","146","113","144","288","311","290"
"418",458681,"Lance Lynn","6093","6.9","0.167","0.127","0.209","0.294","0.215","0.197","0.155","17","102","82.5","5.5","2208","79.6","78.53","44","156","260","-1.1","5.59","116","150","114","147","291","320","295"
"417",621237,"Jose Alvarado","1501","27.8","0.084","0.025","0.233","0.109","0.117","0.136","0.104","10","119","77.8","14.1","2432","86.2","85.55","91","191","225","-0.7","5.96","114","152","115","146","294","322","293"
"417",640463,"Braden Shipley","1750","23.8","0.232","0.110","0.333","0.341","0.267","0.271","0.225","19","82","82.2","1.0","2141","80.1","78.79","54","157","256","-1.3","5.41","109","150","113","147","301","322","302"
"411",500724,"JC Ramirez","3673","11.2","0.286","0.157","0.353","0.443","0.352","0.316","0.239","20","70","82.5","10.3","2386","78.8","78.24","34","135","275","-0.6","5.97","114","154","106","150","295","325","302"
"410",643493,"Austin Pruitt","2357","17.4","0.287","0.116","0.385","0.403","0.307","0.262","0.237","37","129","82.9","4.6","2915","82.0","79.71","49","214","195","-2.3","4.84","114","153","116","147","293","322","296"
"409",518774,"Matt Harvey","5736","7.1","0.284","0.160","0.333","0.444","0.341","0.286","0.232","23","81","80.8","13.3","2384","82.2","81.15","51","168","237","-1.1","5.53","116","152","109","146","293","312","296"
"408",457918,"J.A. Happ","8571","4.8","0.176","0.077","0.221","0.253","0.192","0.272","0.244","16","91","82.9","7.7","2162","78.0","76.60","44","154","252","-1.4","5.40","107","152","113","147","299","321","291"
"406",592804,"Tyler Thornburg","1575","25.8","0.210","0.198","0.351","0.407","0.298","0.232","0.161","17","81","80.1","11.2","2730","78.9","77.67","52","131","271","-1.2","5.58","109","153","113","148","296","318","293"
"403",595918,"A.J. Cole","2490","16.2","0.198","0.222","0.240","0.420","0.288","0.231","0.165","16","81","81.3","25.0","2244","78.9","78.78","46","160","240","-0.1","6.04","113","152","114","149","289","313","295"
"401",656546,"Jeff Hoffman","2347","17.1","0.162","0.135","0.238","0.297","0.215","0.199","0.153","12","74","80.4","4.3","2745","76.8","76.61","48","126","273","-0.2","6.32","110","151","112","146","302","321","303"
"401",456713,"Matt Bush","2300","17.4","0.215","0.097","0.297","0.312","0.239","0.229","0.203","20","93","79.5","9.4","2497","80.4","79.41","52","177","222","-1.0","5.54","111","150","111","147","299","327","299"
"397",592170,"Parker Bridwell","1933","20.5","0.200","0.229","0.242","0.429","0.273","0.270","0.213","21","105","79.8","12.1","2812","79.6","78.39","73","195","201","-1.2","5.42","112","152","109","149","301","322","299"
"388",547749,"Junichi Tazawa","2301","16.9","0.341","0.182","0.400","0.523","0.417","0.393","0.318","15","44","79.2","7.7","2635","75.9","73.39","23","98","286","-2.5","4.87","108","151","109","148","293","321","296"
"381",607259,"Nick Martinez","2464","15.5","0.302","0.174","0.375","0.477","0.328","0.302","0.276","26","86","82.1","10.0","2554","79.5","78.36","33","138","241","-1.1","5.48","110","152","112","148","295","327","297"
"379",642564,"Francis Martes","1027","36.9","0.217","0.130","0.370","0.348","0.291","0.259","0.195","20","92","80.6","16.8","2607","85.0","84.22","70","163","214","-0.8","5.79","109","151","117","149","291","316","290"
"377",501817,"Tony Barnette","2361","16.0","0.140","0.118","0.218","0.258","0.169","0.146","0.128","13","93","77.2","16.8","2528","79.0","78.76","89","179","198","-0.2","6.16","108","149","113","147","296","322","293"
"377",502211,"Mike Bolsinger","1226","30.8","0.287","0.264","0.279","0.552","0.382","0.393","0.290","25","87","82.9","3.8","2406","79.7","79.27","30","164","207","-0.4","6.08","110","151","112","147","296","322","295"
"373",572403,"Drew VerHagen","1790","20.8","0.243","0.203","0.341","0.446","0.308","0.229","0.189","18","74","79.5","7.8","2360","79.1","77.79","54","144","228","-1.3","5.64","109","152","116","145","300","324","291"
"371",518560,"Paul Clemens","1196","31.0","0.189","0.089","0.262","0.278","0.211","0.236","0.196","17","90","81.0","1.8","2765","74.7","73.89","35","135","231","-0.8","6.02","106","153","113","145","294","317","296"
"370",458584,"Xavier Cedeno","1354","27.3","0.194","0.122","0.271","0.316","0.247","0.235","0.191","19","98","85.8","9.1","2832","79.2","77.40","70","178","192","-1.8","5.20","112","150","115","146","295","320","298"
"367",448802,"Jaime Garcia","6389","5.7","0.246","0.148","0.326","0.393","0.276","0.228","0.215","15","61","82.5","7.2","2784","74.3","72.95","29","102","262","-1.3","5.58","107","149","109","146","298","315","290"
"367",596071,"Dillon Peters","1023","35.9","0.250","0.083","0.319","0.333","0.286","0.298","0.251","24","96","85.7","-0.2","2773","77.3","75.31","42","162","202","-2.0","5.16","106","150","109","147","298","320","299"
"365",592229,"Dylan Covey","3212","11.4","0.325","0.338","0.293","0.662","0.412","0.339","0.271","25","77","82.2","18.2","2370","80.6","79.60","27","156","207","-1.0","5.49","111","151","109","148","295","315","294"
"362",607215,"Eric Skoglund","1475","24.5","0.227","0.165","0.288","0.392","0.279","0.265","0.217","22","97","83.8","9.9","2330","80.8","80.69","47","172","189","-0.1","6.09","110","152","111","143","298","323","297"
"360",453249,"Jeff Manship","744","48.4","0.190","0.127","0.260","0.316","0.234","0.225","0.184","15","79","83.1","12.4","2308","83.6","82.66","76","159","201","-0.9","5.54","108","150","115","147","296","313","287"
"358",534910,"Jesse Hahn","1921","18.6","0.284","0.108","0.455","0.392","0.304","0.223","0.192","21","74","80.2","1.3","3009","75.9","74.81","47","145","212","-1.1","5.96","110","151","111","147","296","319","298"
"356",490063,"Matt Garza","3628","9.8","0.292","0.246","0.320","0.538","0.372","0.309","0.256","19","65","79.7","5.9","2296","74.6","73.70","28","109","246","-0.9","5.82","111","153","106","150","299","312","293"
"350",605446,"Dereck Rodriguez","1863","18.8","0.145","0.177","0.159","0.323","0.232","0.299","0.221","9","62","83.3","9.4","2574","75.4","74.91","34","104","243","-0.5","6.04","110","151","112","147","299","321","294"
"346",518693,"Sam Freeman","2017","17.2","0.206","0.074","0.289","0.279","0.215","0.207","0.202","14","68","77.6","7.1","2623","83.6","81.96","38","135","205","-1.6","5.08","108","149","109","151","294","317","295"
"345",448178,"Kevin Jepsen","1187","29.1","0.308","0.038","0.432","0.346","0.294","0.210","0.189","16","52","81.2","1.0","2396","82.5","81.98","35","112","233","-0.5","6.13","108","149","112","143","295","320","291"
"345",548389,"Ross Stripling","4768","7.2","0.200","0.111","0.242","0.311","0.228","0.230","0.204","18","90","87.5","1.9","2569","78.1","76.79","43","145","200","-1.3","5.48","115","151","110","146","296","321","298"
"345",445060,"Ricky Nolasco","6218","5.5","0.206","0.155","0.270","0.361","0.236","0.208","0.200","20","97","80.5","11.6","2576","73.6","71.49","39","152","193","-2.1","5.01","111","151","113","146","296","316","296"
"344",571882,"Derek Law","1690","20.4","0.256","0.159","0.388","0.415","0.292","0.225","0.190","21","82","83.7","16.2","2057","76.9","76.55","37","116","226","-0.4","6.04","111","150","111","147","290","312","295"
"342",571946,"Shelby Miller","2454","13.9","0.254","0.175","0.292","0.429","0.290","0.313","0.259","16","63","82.8","15.1","2319","79.4","79.55","30","125","215","0.1","6.26","112","153","112","148","302","322","304"
"338",453281,"Wade LeBlanc","4461","7.6","0.309","0.324","0.314","0.632","0.398","0.341","0.273","21","68","85.9","17.5","2205","73.0","71.75","33","128","210","-1.3","5.55","111","155","111","150","289","318","296"
"335",573186,"Marcus Stroman","7949","4.2","0.192","0.167","0.273","0.359","0.242","0.203","0.165","15","78","77.9","4.6","2707","80.9","79.37","46","139","196","-1.5","5.35","110","152","112","147","293","317","294"
"334",465657,"Joakim Soria","3236","10.3","0.264","0.097","0.373","0.361","0.290","0.269","0.226","19","72","78.1","5.9","2643","70.9","70.32","57","158","171","-0.6","6.25","115","153","113","146","296","319","300"
"332",605498,"Andrew Suarez","2492","13.3","0.276","0.259","0.302","0.534","0.346","0.337","0.274","16","58","83.9","12.0","2433","76.9","74.58","28","130","202","-2.3","4.60","107","149","111","145","297","320","293"
"331",502327,"Hector Santiago","6371","5.2","0.254","0.099","0.304","0.352","0.272","0.293","0.254","18","71","82.3","20.9","2094","74.4","72.33","19","118","209","-2.1","4.91","110","150","110","147","295","317","293"
"328",501625,"Jose Alvarez","2711","12.1","0.148","0.182","0.138","0.330","0.207","0.258","0.211","13","88","81.5","12.8","2326","79.6","79.25","51","173","155","-0.4","6.10","112","152","110","149","294","322","303"
"327",572362,"Robbie Erlin","1798","18.2","0.173","0.037","0.269","0.210","0.164","0.180","0.178","14","81","84.7","-2.9","2471","75.9","74.62","42","139","188","-1.3","5.62","112","151","116","147","297","315","297"
"326",446099,"John Axford","2583","12.6","0.348","0.227","0.404","0.576","0.389","0.269","0.231","23","66","82.5","2.3","2136","79.3","78.49","43","131","194","-0.8","5.98","109","151","112","145","295","321","299"
"324",595001,"Josh A. Smith","1628","19.9","0.229","0.211","0.274","0.440","0.298","0.293","0.226","25","109","82.5","10.3","2738","78.8","78.02","45","174","149","-0.8","5.78","109","147","114","146","291","315","291"
"322",276520,"Bronson Arroyo","1159","27.8","0.238","0.350","0.217","0.588","0.360","0.294","0.209","19","80","79.2","27.8","2341","71.8","70.03","40","164","155","-1.8","5.09","113","149","110","146","292","305","277"
"322",572750,"Eddie Butler","2841","11.3","0.164","0.164","0.180","0.328","0.232","0.312","0.268","11","67","83.3","15.4","2520","81.8","80.32","32","121","198","-1.5","5.17","109","151","111","147","297","320","295"
"318",596057,"Daniel Norris","3833","8.3","0.176","0.000","0.250","0.176","0.165","0.226","0.205","9","51","82.3","4.9","2486","77.0","75.29","35","100","218","-1.7","5.29","109","152","112","147","302","328","293"
"316",592390,"Heath Hembree","3079","10.3","0.278","0.204","0.406","0.481","0.357","0.273","0.188","15","54","82.8","16.0","2627","80.8","80.20","41","105","211","-0.6","5.97","112","151","114","148","282","320","292"
"316",445926,"Jesse Chavez","4914","6.4","0.211","0.088","0.275","0.298","0.244","0.316","0.257","12","57","80.8","5.1","2614","76.8","75.70","39","117","197","-1.1","5.66","109","152","108","149","296","322","297"
"316",448614,"Carlos Torres","2713","11.6","0.188","0.063","0.282","0.250","0.201","0.268","0.243","12","64","83.3","3.3","2499","80.5","79.21","35","102","213","-1.3","5.59","113","154","116","150","299","313","291"
"315",506433,"Yu Darvish","5373","5.9","0.172","0.126","0.286","0.299","0.213","0.162","0.129","15","87","75.7","4.1","2497","72.8","71.98","48","137","176","-0.8","5.99","110","151","113","147","295","326","298"
"314",407822,"Jorge De La Rosa","4192","7.5","0.224","0.086","0.300","0.310","0.229","0.238","0.224","13","58","81.4","12.3","2626","74.1","72.93","26","97","215","-1.2","5.35","110","151","114","146","303","323","298"
"310",641427,"Alan Busenitz","1012","30.6","0.231","0.200","0.239","0.431","0.291","0.327","0.278","15","65","84.6","8.9","2785","82.9","81.34","22","107","202","-1.6","5.34","107","149","115","147","296","318","290"
"308",572143,"Burch Smith","1431","21.5","0.273","0.208","0.298","0.481","0.328","0.326","0.280","21","77","85.7","5.7","2302","78.0","77.52","23","114","193","-0.5","6.05","114","151","113","143","299","321","297"
"308",621397,"Tyler Olson","810","38.0","0.155","0.085","0.244","0.239","0.202","0.191","0.159","11","71","75.0","22.0","2733","74.3","72.07","55","141","167","-2.2","5.04","110","154","111","149","284","312","296"
"306",607067,"Colin Rea","1762","17.4","0.279","0.164","0.286","0.443","0.308","0.312","0.259","17","61","84.1","6.7","2265","78.7","77.86","27","129","176","-0.8","5.83","105","153","117","145","287","313","296"
"301",408241,"Jake Peavy","2027","14.8","0.278","0.228","0.380","0.506","0.358","0.320","0.252","22","79","86.0","12.2","2580","79.4","78.24","56","148","150","-1.2","5.33","110","146","109","145","287","305","293"
"296",547874,"Hisashi Iwakuma","3452","8.6","0.350","0.250","0.367","0.600","0.409","0.354","0.285","21","60","81.7","12.9","2266","71.0","70.18","22","105","190","-0.8","5.89","112","155","107","149","289","312","293"
"295",643327,"Zack Godley","6594","4.5","0.193","0.091","0.372","0.284","0.234","0.220","0.182","17","88","88.2","-4.8","2199","82.3","81.90","70","135","160","-0.4","5.87","110","153","117","148","304","321","302"
"294",571578,"Patrick Corbin","8765","3.4","0.304","0.174","0.318","0.478","0.373","0.391","0.317","7","23","74.4","21.0","2089","72.6","71.60","43","103","189","-1.0","5.62","103","150","110","148","302","328","301"
"292",596001,"Jakob Junis","4363","6.7","0.306","0.500","0.214","0.806","0.486","0.469","0.324","11","36","88.9","12.3","2351","78.7","77.25","17","67","220","-1.4","5.32","115","154","107","147","300","321","300"
"291",453284,"Blake Parker","2548","11.4","0.263","0.105","0.370","0.368","0.314","0.317","0.263","10","38","83.2","14.7","2264","78.2","77.80","34","93","194","-0.4","6.04","111","151","109","147","294","321","299"
"290",669456,"Shane Bieber","1805","16.1","0.232","0.174","0.306","0.406","0.271","0.283","0.262","16","69","83.2","0.7","2070","80.0","79.52","43","135","155","-0.5","5.98","111","153","111","150","284","315","295"
"290",592340,"Erik Goeddel","1773","16.4","0.231","0.212","0.281","0.442","0.306","0.290","0.205","12","52","83.4","7.0","2251","76.8","76.08","27","83","204","-0.7","6.03","111","153","113","147","293","315","296"
"289",543278,"Blaine Hardy","2405","12.0","0.236","0.139","0.255","0.375","0.257","0.226","0.208","17","72","84.1","3.2","1887","76.0","75.09","22","124","164","-0.9","5.91","110","151","114","147","298","322","291"
"287",592593,"Justin Nicolino","2049","14.0","0.282","0.141","0.310","0.423","0.287","0.330","0.317","20","71","84.7","13.9","2352","77.3","75.20","31","139","145","-2.1","4.82","107","150","108","147","293","321","297"
"285",448855,"Junior Guerra","5410","5.3","0.167","0.130","0.195","0.296","0.203","0.242","0.209","9","54","80.9","5.4","1984","82.5","82.00","37","108","175","-0.5","5.87","109","151","108","147","302","316","286"
"283",596112,"Robert Stephenson","2432","11.6","0.164","0.115","0.216","0.279","0.215","0.200","0.161","10","61","79.2","19.2","2414","80.5","79.38","39","124","157","-1.1","5.50","109","147","112","145","291","308","285"
"281",547179,"Michael Lorenzen","3413","8.2","0.173","0.147","0.270","0.320","0.225","0.242","0.190","13","75","82.0","7.9","2506","82.2","81.17","39","134","146","-1.0","5.63","114","147","114","146","295","308","289"
"281",608331,"Max Fried","993","28.3","0.206","0.191","0.355","0.397","0.289","0.205","0.155","14","68","79.3","-2.3","2778","74.3","73.22","53","124","154","-1.1","5.86","106","149","108","148","296","316","292"
"280",434622,"Ubaldo Jimenez","5079","5.5","0.348","0.217","0.333","0.565","0.386","0.289","0.253","16","46","82.5","12.0","2639","75.1","73.50","12","80","199","-1.6","5.15","109","155","117","148","298","316","300"
"279",429719,"Edwin Jackson","4186","6.7","0.308","0.205","0.313","0.513","0.355","0.298","0.236","12","39","80.4","17.3","2419","78.8","78.12","21","83","195","-0.7","5.83","109","151","109","147","293","317","300"
"278",430599,"Joe Blanton","2043","13.6","0.200","0.033","0.200","0.233","0.197","0.233","0.186","6","30","80.3","6.2","2490","80.1","78.38","20","70","207","-1.7","5.12","115","152","111","147","297","321","300"
"278",592426,"Luke Jackson","1765","15.8","0.328","0.194","0.356","0.522","0.363","0.345","0.301","22","67","83.8","1.6","2329","81.6","81.42","17","120","158","-0.2","6.06","110","147","110","149","296","319","295"
"273",543548,"Tommy Milone","2507","10.9","0.344","0.393","0.341","0.738","0.452","0.362","0.285","21","61","85.5","10.5","2584","74.8","73.50","26","115","158","-1.3","5.47","111","149","110","145","292","309","293"
"273",544150,"Albert Suarez","1923","14.2","0.217","0.100","0.333","0.317","0.250","0.212","0.186","13","60","81.3","9.9","2370","75.4","74.55","39","111","161","-0.9","5.74","112","149","112","148","290","313","301"
"272",605254,"Daniel Gossett","1974","13.8","0.203","0.228","0.220","0.430","0.269","0.327","0.261","16","79","79.7","13.1","2400","78.8","78.27","44","138","133","-0.5","5.83","111","150","117","149","293","320","298"
"271",543208,"Sam Gaviglio","3210","8.4","0.241","0.130","0.279","0.370","0.258","0.290","0.266","13","54","84.6","7.6","2124","78.6","78.04","26","109","162","-0.6","5.90","112","154","109","147","290","316","295"
"270",594760,"Aaron Blair","1289","20.9","0.174","0.152","0.200","0.326","0.279","0.265","0.167","8","46","79.7","0.7","2069","78.7","78.77","42","99","165","0.1","6.31","108","148","112","148","295","309","291"
"270",642547,"Freddy Peralta","1382","19.5","0.121","0.190","0.121","0.310","0.220","0.288","0.208","7","58","80.1","10.7","2322","76.4","77.03","29","97","171","0.6","6.74","110","156","114","151","302","319","298"
"269",628711,"Julio Urias","1887","14.3","0.366","0.293","0.400","0.659","0.432","0.375","0.325","15","41","80.4","17.4","2661","76.5","74.83","22","83","181","-1.7","5.14","112","151","109","146","298","322","295"
"266",458690,"Chris Volstad","1101","24.2","0.229","0.083","0.282","0.313","0.251","0.285","0.248","11","48","80.9","7.7","2327","81.3","79.64","25","100","163","-1.7","5.27","111","151","116","147","291","307","291"
"265",599683,"Warwick Saupold","1860","14.2","0.333","0.193","0.436","0.526","0.370","0.288","0.250","19","57","86.3","-3.1","2579","81.0","79.39","26","99","165","-1.6","5.38","110","152","114","147","297","322","292"
"265",642232,"Ryan Yarbrough","2398","11.1","0.095","0.081","0.139","0.176","0.184","0.208","0.124","7","74","76.3","17.5","2397","76.6","75.40","56","135","125","-1.2","5.55","117","154","115","152","289","319","298"
"264",425492,"Ryan Madson","2691","9.8","0.340","0.170","0.438","0.511","0.392","0.343","0.281","16","47","86.3","5.1","2375","82.8","81.95","28","84","176","-0.8","5.90","113","153","111","149","296","318","298"
"261",573668,"Juan Minaya","1899","13.7","0.280","0.140","0.400","0.420","0.319","0.263","0.223","14","50","76.6","16.6","2310","83.1","82.74","38","95","166","-0.4","6.04","114","151","112","146","295","313","292"
"261",570666,"Luis Cessa","2380","11.0","0.268","0.268","0.276","0.537","0.376","0.396","0.297","11","41","82.9","15.5","2425","81.0","79.51","19","75","185","-1.5","5.35","108","153","110","145","298","322","291"
"260",502212,"Austin Bibens-Dirkx","1949","13.3","0.197","0.076","0.260","0.273","0.212","0.251","0.234","13","66","80.4","17.8","2608","79.9","78.13","27","119","141","-1.8","5.15","108","151","112","148","295","321","295"
"260",621107,"Zach Eflin","4052","6.4","0.320","0.260","0.382","0.580","0.368","0.303","0.243","16","50","81.3","16.8","2376","77.3","76.69","29","104","153","-0.6","5.94","111","155","109","149","290","317","292"
"259",592145,"Jesse Biddle","1013","25.6","0.082","0.061","0.231","0.143","0.161","0.166","0.084","4","49","76.6","-3.8","2631","76.9","75.74","42","82","174","-1.2","5.78","105","150","104","147","297","318","296"
"258",446399,"Brett Cecil","2125","12.1","0.229","0.086","0.484","0.314","0.264","0.220","0.174","16","70","86.5","9.3","2384","84.4","82.51","49","115","141","-1.9","5.14","109","151","113","146","292","317","294"
"253",476589,"Adam Warren","3113","8.1","0.188","0.063","0.242","0.250","0.214","0.236","0.175","9","48","83.2","0.4","2187","80.0","78.90","26","87","165","-1.1","5.73","112","153","112","147","293","321","293"
"252",605388,"Adam Morgan","3703","6.8","0.262","0.214","0.345","0.476","0.308","0.256","0.229","11","42","83.2","3.5","2825","76.9","75.37","21","84","167","-1.5","5.25","108","149","109","146","291","318","288"
"251",573185,"Dan Straily","8282","3.0","0.182","0.333","0.111","0.515","0.284","0.246","0.190","6","33","85.0","26.1","2466","73.4","72.92","14","70","180","-0.5","5.97","111","149","107","149","293","318","295"
"249",516714,"Dario Alvarez","789","31.6","0.156","0.094","0.250","0.250","0.204","0.202","0.143","10","64","82.6","17.8","2047","83.2","82.23","52","127","121","-1.0","5.73","107","146","111","146","297","315","292"
"249",543507,"Trevor May","1289","19.3","0.105","0.105","0.147","0.211","0.151","0.178","0.140","6","57","80.8","2.8","2444","78.3","78.22","32","108","140","-0.1","6.44","108","148","113","143","293","317","291"
"247",594742,"Alec Asher","1530","16.1","0.206","0.127","0.229","0.333","0.228","0.270","0.227","13","63","85.3","13.9","2528","79.7","78.82","31","121","124","-0.9","5.80","111","153","116","148","293","318","294"
"247",502188,"Jeff Samardzija","7268","3.4","0.189","0.019","0.263","0.208","0.191","0.234","0.215","10","53","83.8","2.5","2398","80.8","80.27","30","90","157","-0.5","5.89","110","149","108","147","283","310","297"
"247",572955,"Pierce Johnson","845","29.2","0.216","0.118","0.286","0.333","0.259","0.227","0.175","11","51","81.2","17.5","2964","81.3","79.44","25","97","150","-1.9","5.11","110","148","114","146","297","318","294"
"247",488846,"Brian Duensing","1961","12.6","0.276","0.103","0.308","0.379","0.306","0.345","0.314","8","29","82.1","10.5","2545","72.2","71.16","15","58","187","-1.0","5.73","113","152","109","150","295","316","296"
"245",607536,"Kyle Freeland","5823","4.2","0.265","0.206","0.308","0.471","0.309","0.368","0.333","9","34","81.8","8.8","2229","79.9","79.70","26","77","166","-0.2","5.96","112","152","110","145","302","320","299"
"244",519326,"Hunter Strickland","2799","8.7","0.244","0.067","0.333","0.311","0.284","0.300","0.253","11","45","85.0","5.8","2574","84.7","83.82","38","97","145","-0.9","5.76","113","148","110","146","292","311","295"
"243",605397,"Joe Musgrove","4368","5.6","0.220","0.200","0.321","0.420","0.298","0.266","0.205","11","50","81.7","5.4","2529","80.3","79.06","35","100","141","-1.2","5.56","112","151","117","151","282","316","291"
"242",501593,"Luis Avilan","1982","12.2","0.179","0.179","0.200","0.357","0.240","0.149","0.130","5","28","75.3","28.5","2330","73.0","70.95","11","52","189","-2.0","4.93","111","151","107","146","291","316","298"
"240",543779,"Kevin Siegrist","1731","13.9","0.196","0.294","0.280","0.490","0.330","0.267","0.192","10","51","77.7","8.4","2208","73.3","72.96","43","89","151","-0.3","6.24","114","147","114","145","293","316","299"
"239",605347,"Jorge Lopez","921","26.0","0.255","0.091","0.342","0.345","0.274","0.232","0.209","14","55","83.8","2.0","2372","81.1","80.50","26","96","141","-0.6","5.89","112","151","111","146","299","317","297"
"238",543726,"Robbie Ross Jr.","1129","21.1","0.222","0.067","0.294","0.289","0.291","0.375","0.282","10","45","80.0","12.9","2506","79.4","77.69","15","75","160","-1.7","5.35","107","147","113","146","280","316","290"
"236",656547,"Jonathan Holder","1833","12.9","0.241","0.069","0.382","0.310","0.274","0.245","0.192","14","58","79.7","9.8","2883","76.0","74.57","28","99","135","-1.4","5.72","108","152","113","144","300","322","287"
"235",592815,"Sam Tuivailala","1488","15.8","0.262","0.115","0.341","0.377","0.311","0.304","0.247","16","61","82.1","12.5","2404","79.7","78.32","30","100","132","-1.4","5.58","114","146","111","147","294","314","297"
"234",606273,"Roenis Elias","967","24.2","0.167","0.042","0.308","0.208","0.194","0.239","0.198","8","48","77.6","6.3","2499","77.6","75.19","21","65","167","-2.4","4.89","109","152","114","148","286","319","295"
"232",605240,"Jace Fry","1020","22.7","0.200","0.040","0.250","0.240","0.210","0.174","0.148","5","25","76.6","4.4","2367","77.2","75.51","12","56","176","-1.7","5.22","107","149","109","147","291","315","295"
"232",452666,"Tom Wilhelmsen","1261","18.4","0.204","0.082","0.256","0.286","0.228","0.222","0.189","10","49","80.4","11.9","2354","77.4","76.37","16","92","140","-1.0","5.64","110","151","113","147","300","320","300"
"232",623395,"Brian Ellington","1495","15.5","0.195","0.171","0.280","0.366","0.267","0.213","0.159","8","41","81.4","19.6","2644","87.3","86.48","31","86","143","-0.8","5.66","109","150","111","146","299","320","294"
"231",596720,"Dovydas Neverauskas","927","24.9","0.123","0.158","0.138","0.281","0.186","0.237","0.183","7","57","83.4","7.0","2915","84.1","83.91","42","106","125","-0.2","6.15","112","150","115","148","299","319","297"
"229",553878,"Felipe Vazquez","3663","6.3","0.182","0.036","0.286","0.218","0.210","0.219","0.171","10","55","80.8","9.6","2740","82.3","80.56","25","88","138","-1.7","5.26","111","150","113","149","303","320","297"
"221",641778,"Eric Lauer","2026","10.9","0.233","0.133","0.292","0.367","0.294","0.253","0.210","7","30","84.9","15.4","2233","74.6","72.91","7","44","176","-1.7","5.16","110","151","114","146","300","316","297"
"220",605194,"Jharel Cotton","2614","8.4","0.258","0.129","0.333","0.387","0.279","0.237","0.193","8","31","75.9","19.3","2429","77.4","74.88","15","62","157","-2.5","4.49","111","151","112","148","296","324","297"
"220",592169,"Austin Brice","1306","16.8","0.155","0.155","0.206","0.310","0.237","0.275","0.202","9","58","80.3","7.0","2663","81.3","79.45","28","92","124","-1.9","5.18","114","150","113","146","295","307","283"
"219",488748,"Ryan Buchter","2904","7.5","0.148","0.019","0.286","0.167","0.184","0.201","0.159","8","54","79.3","14.0","2133","79.3","78.79","31","91","127","-0.5","5.98","110","151","118","149","296","318","300"
"218",279571,"Matt Belisle","2194","9.9","0.218","0.218","0.237","0.436","0.273","0.304","0.262","12","55","80.8","15.4","2465","74.1","74.43","28","108","110","0.3","6.52","109","149","116","146","291","311","290"
"216",571863,"Matt Koch","1539","14.0","0.276","0.155","0.300","0.431","0.314","0.406","0.313","16","58","84.4","8.8","2434","79.8","78.68","19","105","109","-1.1","5.55","110","151","112","150","304","329","303"
"215",285064,"Ryan Vogelsong","1390","15.5","0.302","0.233","0.367","0.535","0.374","0.294","0.222","13","43","83.3","7.5","1973","76.3","75.53","19","71","143","-0.8","5.89","113","151","109","146","295","304","288"
"214",608371,"Lucas Sims","1297","16.5","0.275","0.157","0.353","0.431","0.328","0.272","0.217","14","51","77.3","10.1","2829","78.0","75.94","25","86","125","-2.1","4.91","108","150","111","149","297","315","289"
"214",621381,"Matt Strahm","2078","10.3","0.239","0.152","0.294","0.391","0.276","0.233","0.211","11","46","79.5","13.8","2824","77.6","76.04","18","85","128","-1.6","5.26","114","151","113","146","297","320","298"
"212",608718,"Brent Suter","3268","6.5","0.286","0.310","0.250","0.595","0.384","0.367","0.297","12","42","77.6","10.8","2190","73.5","72.83","19","83","129","-0.7","5.93","110","155","115","149","300","316","290"
"206",657571,"Caleb Ferguson","830","24.8","0.216","0.189","0.292","0.405","0.303","0.252","0.188","8","37","79.4","-2.5","2824","75.6","74.35","26","80","124","-1.3","5.69","106","153","115","147","298","320","296"
"203",622446,"Jefry Rodriguez","916","22.2","0.137","0.059","0.226","0.196","0.142","0.148","0.155","7","51","80.8","19.4","2485","80.9","81.07","32","84","119","0.2","6.23","113","151","115","149","300","311","295"
"202",595465,"Dan Winkler","1301","15.5","0.196","0.107","0.303","0.304","0.221","0.219","0.208","11","56","84.1","7.0","2534","82.3","81.52","39","98","104","-0.8","5.68","108","152","107","149","301","318","294"
"202",605135,"Chris Bassitt","1310","15.4","0.170","0.094","0.308","0.264","0.213","0.225","0.174","9","53","79.4","13.1","2286","71.5","70.31","31","94","106","-1.2","5.79","110","150","116","149","294","318","299"
"199",475054,"Chaz Roe","1414","14.1","0.140","0.209","0.278","0.349","0.214","0.184","0.143","6","43","78.7","14.4","2725","82.6","81.31","39","86","113","-1.3","5.60","107","147","113","145","296","308","290"
"198",572070,"Garrett Richards","2355","8.4","0.049","0.049","0.091","0.098","0.060","0.167","0.148","2","41","82.6","-1.5","3233","80.7","78.67","23","80","118","-2.0","5.54","116","156","112","150","293","322","302"
"195",545363,"Jacob Turner","1249","15.6","0.265","0.324","0.286","0.588","0.402","0.428","0.281","9","34","82.5","14.9","2072","80.4","79.84","14","62","131","-0.6","5.98","111","152","111","146","298","316","293"
"195",430641,"Blaine Boyer","2177","9.0","0.464","0.536","0.375","1.000","0.611","0.439","0.353","13","28","80.8","13.1","2430","74.9","73.28","7","69","125","-1.6","5.15","113","153","113","148","294","319","293"
"195",622608,"Antonio Senzatela","3746","5.2","0.212","0.182","0.333","0.394","0.255","0.155","0.156","7","33","84.4","13.3","2253","77.9","77.50","29","66","129","-0.4","5.84","115","152","112","146","299","317","302"
"193",641154,"Pablo Lopez","950","20.3","0.237","0.132","0.296","0.368","0.270","0.211","0.170","9","38","80.6","10.5","2347","78.5","78.67","32","80","112","0.2","6.48","107","150","107","148","301","324","294"
"191",664285,"Framber Valdez","633","30.2","0.098","0.024","0.190","0.122","0.184","0.191","0.114","4","41","78.0","-11.7","2929","79.7","77.87","25","68","120","-1.8","5.33","109","152","115","149","287","308","288"
"190",543144,"Danny Farquhar","1675","11.3","0.250","0.333","0.200","0.583","0.371","0.280","0.178","3","12","74.0","1.9","2651","75.3","74.02","10","32","156","-1.3","5.66","113","153","112","147","295","322","296"
"189",519293,"Will Smith","1463","12.9","0.333","0.048","0.350","0.381","0.328","0.376","0.355","7","21","84.8","14.8","2028","77.2","75.82","8","44","142","-1.4","5.36","108","148","107","145","299","319","293"
"186",605541,"Mike Wright Jr.","3275","5.7","0.394","0.303","0.407","0.697","0.474","0.396","0.334","13","33","82.6","20.4","2317","78.5","77.65","14","69","113","-0.9","5.68","109","153","115","148","299","312","296"
"186",623451,"Jackson Stephens","1092","17.0","0.157","0.118","0.212","0.275","0.218","0.212","0.177","8","51","76.7","8.8","3045","76.4","74.22","28","88","97","-2.2","5.11","117","149","113","146","299","307","286"
"184",608601,"Luis Santos","651","28.3","0.217","0.196","0.296","0.413","0.306","0.283","0.222","10","46","81.7","10.3","2489","82.5","82.14","29","80","104","-0.4","5.95","109","149","112","146","295","322","295"
"184",605538,"Matt Wisler","3601","5.1","0.375","0.375","0.350","0.750","0.477","0.418","0.339","9","24","83.1","11.9","2628","76.9","75.01","5","42","141","-1.9","5.04","110","147","107","150","291","311","296"
"183",621261,"Corey Oswalt","1034","17.7","0.327","0.184","0.400","0.510","0.370","0.353","0.299","16","49","84.1","1.5","1869","80.4","80.67","17","75","108","0.3","6.40","111","151","111","147","295","320","303"
"183",543424,"John Lamb","1466","12.5","0.184","0.061","0.257","0.245","0.204","0.246","0.225","9","49","82.9","13.0","2166","68.0","67.82","24","83","100","-0.2","6.34","111","149","114","148","293","314","289"
"182",473879,"Sam Dyson","2907","6.3","0.217","0.130","0.265","0.348","0.249","0.258","0.231","10","46","80.7","20.7","3086","83.2","81.38","14","79","102","-1.8","5.14","112","151","113","147","303","325","298"
"181",623439,"Ryan Garton","1048","17.3","0.175","0.050","0.250","0.225","0.184","0.166","0.144","7","40","77.8","-3.3","1837","80.5","79.75","20","79","102","-0.7","6.03","111","153","116","145","298","323","292"
"178",500872,"Gregory Infante","1088","16.4","0.200","0.075","0.308","0.275","0.214","0.236","0.224","8","40","83.7","3.4","2782","82.1","81.14","18","57","121","-1.0","5.68","111","151","111","145","295","310","290"
"178",477003,"Jonathon Niese","2011","8.9","0.260","0.340","0.296","0.600","0.343","0.259","0.194","13","50","82.5","11.1","2363","74.9","73.87","30","82","96","-1.0","5.69","114","152","112","147","299","310","290"
"177",643410,"Mark Leiter Jr.","1978","8.9","0.419","0.387","0.500","0.806","0.520","0.374","0.327","13","31","81.2","11.8","2203","72.5","71.59","25","66","110","-0.9","5.87","111","152","110","149","293","317","290"
"177",592094,"Jason Adam","571","31.0","0.171","0.086","0.429","0.257","0.248","0.218","0.123","6","35","77.5","13.5","2516","77.4","76.58","27","58","116","-0.8","5.86","111","151","114","142","301","322","296"
"176",517593,"Danny Salazar","4217","4.2","0.379","0.138","0.476","0.517","0.383","0.311","0.288","11","29","88.5","2.3","2713","80.7","79.71","19","50","126","-1.0","5.59","112","154","111","150","291","315","294"
"174",431148,"Scott Kazmir","2392","7.3","0.217","0.217","0.200","0.435","0.272","0.274","0.228","5","23","79.9","15.2","1973","77.5","76.30","10","48","125","-1.2","5.34","115","153","108","147","299","322","296"
"174",518468,"Michael Blazek","965","18.0","0.300","0.150","0.500","0.450","0.406","0.336","0.196","6","20","71.2","3.2","2466","77.3","76.25","18","45","127","-1.0","5.50","110","150","109","147","295","311","292"
"171",571901,"Aaron Loup","1983","8.6","0.256","0.051","0.370","0.308","0.291","0.278","0.238","10","39","74.5","14.2","2640","76.7","74.81","18","66","100","-1.9","5.49","109","149","113","145","293","320","296"
"169",519168,"Anthony Ranaudo","625","27.0","0.229","0.286","0.179","0.514","0.339","0.314","0.236","8","35","82.8","16.0","2205","80.4","79.50","7","62","107","-0.9","5.61","112","153","112","147","295","316","292"
"168",592127,"Johnny Barbato","845","19.9","0.250","0.139","0.348","0.389","0.281","0.298","0.261","9","36","81.1","17.3","2523","78.6","76.77","20","62","106","-1.8","5.20","109","149","114","148","296","321","295"
"168",543391,"Casey Kelly","730","23.0","0.204","0.122","0.256","0.327","0.233","0.243","0.230","10","49","86.3","9.7","2203","81.0","78.85","22","80","86","-2.1","5.02","108","149","110","146","292","312","290"
"167",453646,"Carlos Villanueva","1193","14.0","0.259","0.296","0.217","0.556","0.339","0.220","0.204","7","27","78.4","13.3","2343","74.8","73.93","20","62","104","-0.9","5.52","108","154","114","146","290","315","296"
"164",572831,"Josh Edgin","780","21.0","0.222","0.022","0.313","0.244","0.243","0.250","0.211","10","45","80.6","21.7","2244","78.4","77.58","28","85","78","-0.8","5.83","112","149","113","145","287","310","300"
"164",656222,"Jalen Beeks","880","18.6","0.184","0.079","0.292","0.263","0.228","0.248","0.210","7","38","84.1","6.8","2671","76.8","75.45","18","69","94","-1.4","5.69","108","154","116","147","288","319","291"
"164",571948,"Hoby Milner","692","23.7","0.219","0.188","0.250","0.406","0.320","0.284","0.217","7","32","75.5","14.0","1899","76.6","76.57","11","51","111","0.0","6.48","111","153","114","148","287","316","291"
"163",543380,"Taylor Jungmann","545","29.9","0.188","0.188","0.263","0.375","0.289","0.304","0.216","6","32","82.9","11.3","2879","75.7","74.12","20","58","101","-1.6","5.63","107","149","107","145","303","306","282"
"162",573589,"Michael Ynoa","1140","14.2","0.172","0.034","0.385","0.207","0.230","0.189","0.121","5","29","79.2","9.0","2540","80.0","79.63","19","52","108","-0.4","6.18","115","151","110","146","293","313","292"
"160",425856,"Gavin Floyd","475","33.7","0.081","0.081","0.133","0.162","0.161","0.167","0.101","3","37","77.3","13.5","2418","81.6","81.39","37","72","86","-0.2","6.36","111","150","115","146","294","315","288"
"160",543901,"Ryan Weber","668","24.0","0.289","0.184","0.357","0.474","0.314","0.215","0.204","11","38","85.7","3.2","2368","76.5","74.41","9","53","107","-2.1","5.09","109","150","111","148","294","312","293"
"159",600944,"David Paulino","783","20.3","0.219","0.031","0.333","0.250","0.213","0.232","0.202","7","32","84.3","6.1","3022","76.2","74.87","10","45","113","-1.3","5.74","111","149","120","149","279","312","294"
"159",642229,"Daniel Wright","980","16.2","0.237","0.105","0.310","0.342","0.252","0.289","0.283","9","38","85.9","9.3","2565","74.8","73.66","14","64","94","-1.1","5.61","108","150","109","148","301","321","297"
"157",605894,"Severino Gonzalez","613","25.6","0.244","0.133","0.286","0.378","0.276","0.238","0.199","11","45","82.0","22.7","2618","81.4","80.55","19","81","76","-0.9","5.85","110","151","112","148","288","315","286"
"156",455119,"Chris Martin","703","22.2","0.304","0.043","0.389","0.348","0.301","0.272","0.259","14","46","84.5","13.6","2273","84.3","83.30","29","87","68","-1.0","5.75","106","149","111","145","299","318","291"
"154",571787,"David Holmberg","1075","14.3","0.258","0.129","0.292","0.387","0.332","0.363","0.256","8","31","79.8","6.0","2321","73.1","72.95","10","52","101","-0.1","6.35","112","151","111","144","292","310","293"
"154",628333,"Odrisamer Despaigne","2268","6.8","0.286","0.214","0.318","0.500","0.363","0.348","0.278","8","28","77.1","10.3","2887","77.4","76.08","14","57","97","-1.3","5.51","109","151","109","148","299","312","297"
"152",521655,"Wilmer Font","932","16.3","0.409","0.227","0.533","0.636","0.456","0.275","0.245","9","22","83.4","2.8","2437","75.2","75.02","10","51","101","-0.2","6.37","109","151","117","146","296","323","296"
"151",518927,"Tommy Layne","942","16.0","0.163","0.000","0.250","0.163","0.190","0.249","0.196","7","43","81.1","6.4","2534","79.5","76.63","18","64","87","-2.9","4.75","108","151","117","143","292","319","290"
"151",570810,"Lisalverto Bonilla","652","23.2","0.297","0.162","0.423","0.459","0.346","0.257","0.206","11","37","73.6","-12.3","2052","79.6","79.29","28","76","74","-0.3","6.07","115","149","111","148","295","306","287"
"150",641571,"Heath Fillmyer","1328","11.3","0.306","0.083","0.370","0.389","0.293","0.196","0.201","11","36","82.1","13.6","2534","79.5","77.88","16","66","84","-1.6","5.14","114","151","106","145","296","318","297"
"149",543135,"Nathan Eovaldi","3859","3.9","0.483","0.517","0.455","1.000","0.620","0.407","0.324","14","29","81.8","7.1","2098","77.1","75.32","4","43","106","-1.8","5.20","110","153","107","148","285","319","292"
"147",642571,"Merandy Gonzalez","437","33.6","0.216","0.081","0.267","0.297","0.233","0.240","0.218","8","37","79.8","20.7","2646","76.2","73.81","9","57","90","-2.4","4.71","108","150","111","148","303","321","294"
"145",548357,"Christian Bergman","1448","10.0","0.326","0.261","0.324","0.587","0.385","0.457","0.381","15","46","86.8","10.4","2324","77.3","75.58","13","77","68","-1.7","5.06","110","155","113","150","292","320","294"
"144",518813,"Greg Holland","1701","8.5","0.261","0.174","0.375","0.435","0.323","0.187","0.145","6","23","82.4","14.5","2387","77.4","76.10","15","41","103","-1.3","5.30","115","155","111","150","298","318","301"
"144",573064,"Vidal Nuno","1743","8.3","0.189","0.324","0.154","0.514","0.298","0.214","0.149","7","37","82.4","11.0","2658","78.8","77.00","9","58","86","-1.8","5.14","110","150","112","147","291","317","294"
"142",592499,"Artie Lewicki","847","16.8","0.326","0.023","0.389","0.349","0.303","0.349","0.315","14","43","86.9","5.4","2260","77.4","76.35","8","67","74","-1.1","5.56","111","153","117","147","294","321","294"
"141",408061,"Francisco Rodriguez","1361","10.4","0.115","0.115","0.125","0.231","0.165","0.310","0.224","3","26","82.8","0.2","2724","76.0","75.27","13","55","86","-0.7","5.86","113","154","112","145","305","326","294"
"139",570632,"Jose Urena","7095","2.0","0.040","0.000","0.059","0.040","0.082","0.180","0.147","1","25","77.1","12.3","2260","84.7","84.15","18","56","82","-0.5","5.96","110","151","107","147","294","318","293"
"139",407890,"Colby Lewis","1752","7.9","0.296","0.222","0.273","0.519","0.344","0.328","0.288","8","27","82.0","17.0","2177","76.8","75.62","7","46","93","-1.2","5.16","113","154","110","148","302","330","306"
"139",474668,"Eric Surkamp","735","18.9","0.407","0.222","0.400","0.630","0.467","0.375","0.324","11","27","83.9","10.5","2172","77.8","77.48","6","43","93","-0.3","6.34","106","151","108","148","291","306","297"
"139",621058,"Andrew Moore","919","15.1","0.281","0.375","0.214","0.656","0.393","0.459","0.371","9","32","84.3","22.5","1965","75.2","74.87","7","65","74","-0.3","5.95","114","156","111","153","286","313","291"
"137",519166,"Neil Ramirez","1853","7.4","0.294","0.118","0.375","0.412","0.323","0.288","0.241","10","34","79.6","14.2","2300","78.4","77.91","8","45","92","-0.5","5.87","119","149","115","147","290","313","297"
"135",457915,"Javy Guerra","1041","13.0","0.237","0.079","0.333","0.316","0.249","0.239","0.219","9","38","81.9","18.7","2383","79.1","77.91","11","59","76","-1.2","5.48","109","149","108","147","293","320","296"
"135",592644,"Adam Plutko","1347","10.0","0.368","0.842","0.182","1.211","0.614","0.285","0.209","7","19","79.5","12.2","2836","75.6","73.80","12","45","90","-1.8","5.11","113","155","114","151","283","313","296"
"134",449173,"Lucas Harrell","964","13.9","0.231","0.038","0.375","0.269","0.252","0.188","0.154","6","26","81.1","3.1","2218","81.8","81.20","16","50","82","-0.6","5.98","107","147","111","146","300","323","295"
"133",548337,"Logan Verrett","1729","7.7","0.310","0.207","0.333","0.517","0.361","0.331","0.305","9","29","80.1","16.5","2235","77.6","76.99","14","62","71","-0.6","5.85","114","157","114","146","288","314","298"
"133",594795,"Grant Dayton","886","15.0","0.077","0.000","0.091","0.077","0.114","0.193","0.158","1","13","76.3","6.9","2341","75.5","74.75","5","23","107","-0.7","5.87","114","152","112","145","298","323","295"
"132",554234,"Williams Perez","860","15.3","0.250","0.179","0.261","0.429","0.339","0.308","0.230","7","28","85.0","7.0","2372","77.3","76.87","13","50","79","-0.4","6.04","109","151","110","149","296","308","291"
"130",605276,"David Hess","1752","7.4","0.222","0.111","0.267","0.333","0.304","0.279","0.189","4","18","83.4","15.7","2325","72.2","70.45","11","43","85","-1.7","5.15","114","157","111","149","293","316","298"
"129",542881,"Tyler Anderson","6050","2.1","0.105","0.053","0.125","0.158","0.141","0.198","0.173","2","19","76.0","25.7","2335","74.2","72.94","10","35","94","-1.3","5.34","114","152","110","144","298","319","298"
"129",656798,"Jacob Nix","656","19.7","0.188","0.000","0.250","0.188","0.196","0.269","0.254","3","16","83.7","-2.1","2079","76.7","75.73","8","34","95","-1.0","5.99","120","152","111","146","296","318","305"
"129",543935,"Alex Wilson","3022","4.3","0.310","0.103","0.375","0.414","0.309","0.404","0.336","9","29","88.1","6.7","2445","81.8","81.42","11","49","80","-0.4","5.95","112","154","112","146","301","324","291"
"129",621112,"Paul Blackburn","1379","9.4","0.267","0.033","0.400","0.300","0.239","0.158","0.166","8","30","77.0","7.3","2760","76.5","75.06","19","53","76","-1.4","5.62","111","151","116","149","293","320","298"
"129",605396,"Colton Murray","536","24.1","0.314","0.257","0.364","0.571","0.363","0.353","0.272","11","35","89.6","7.4","2334","81.8","81.05","20","58","71","-0.7","6.10","111","149","111","145","288","311","289"
"128",457732,"Andrew Bailey","839","15.3","0.243","0.162","0.258","0.405","0.285","0.359","0.310","9","37","83.5","14.1","2713","78.1","77.06","8","65","63","-1.0","5.84","112","151","109","147","290","315","291"
"128",591693,"Edubray Ramos","2363","5.4","0.111","0.111","0.125","0.222","0.238","0.424","0.324","1","9","75.8","32.5","2439","78.8","77.74","12","38","90","-1.1","5.66","108","150","109","149","293","317","291"
"127",641627,"Trevor Gott","504","25.2","0.095","0.190","0.077","0.286","0.227","0.277","0.167","2","21","83.7","18.9","2093","80.4","78.89","9","35","89","-1.5","5.50","113","148","114","147","295","307","289"
"127",623381,"Thomas Pannone","695","18.3","0.158","0.053","0.250","0.211","0.261","0.243","0.137","3","19","77.2","3.1","2292","70.3","69.47","13","35","90","-0.8","5.87","109","151","113","147","292","310","291"
"127",592468,"Nick Kingham","1304","9.7","0.154","0.077","0.267","0.231","0.183","0.255","0.182","4","26","82.0","6.4","2274","79.8","78.24","20","53","74","-1.6","5.27","112","151","115","149","301","320","298"
"126",573109,"AJ Ramos","2581","4.9","0.313","0.188","0.308","0.500","0.364","0.330","0.253","5","16","76.7","21.0","2656","75.7","73.87","8","28","98","-1.8","5.38","112","149","104","147","291","321","300"
"126",516969,"Kelvin Herrera","2782","4.5","0.244","0.222","0.360","0.467","0.298","0.198","0.173","11","45","83.4","16.1","2622","81.8","80.40","13","55","71","-1.4","5.49","114","149","114","144","296","316","296"
"125",430580,"Alfredo Simon","1120","11.2","0.237","0.237","0.269","0.474","0.307","0.181","0.150","9","38","81.5","15.5","2386","77.2","76.11","13","55","70","-1.1","5.50","107","148","115","148","297","315","291"
"124",593833,"Wander Suero","789","15.7","0.280","0.400","0.308","0.680","0.422","0.291","0.191","7","25","83.3","14.6","2671","79.3","78.54","14","46","77","-0.8","5.91","114","150","116","148","297","311","296"
"124",657053,"Touki Toussaint","476","26.1","0.154","0.077","0.333","0.231","0.235","0.209","0.143","4","26","79.7","6.5","2443","75.6","75.64","12","34","89","0.0","6.46","105","151","104","148","292","316","297"
"124",621056,"Hunter Wood","701","17.7","0.179","0.036","0.333","0.214","0.164","0.187","0.178","5","28","75.5","-3.2","2260","75.4","74.06","17","48","76","-1.3","5.70","113","154","119","146","294","322","294"
"123",641438,"Shane Carle","1036","11.9","0.152","0.121","0.190","0.273","0.221","0.264","0.196","5","33","79.7","-5.6","2457","80.3","79.56","19","59","62","-0.7","5.75","105","146","104","146","297","318","298"
"120",444520,"Craig Breslow","803","14.9","0.240","0.120","0.300","0.360","0.235","0.239","0.198","6","25","81.6","25.0","2414","78.1","75.97","9","46","73","-2.1","4.99","109","146","117","146","284","310","292"
"120",608334,"Carson Fulmer","1297","9.3","0.227","0.000","0.417","0.227","0.251","0.273","0.236","5","22","79.5","17.9","2551","81.1","80.31","11","42","76","-0.8","5.80","110","149","111","147","288","307","292"
"119",592222,"Alex Claudio","2988","4.0","0.227","0.091","0.313","0.318","0.223","0.253","0.188","5","22","81.9","20.4","2158","74.5","73.76","17","46","73","-0.7","5.86","109","147","108","146","296","326","299"
"119",621294,"Ben Heller","351","33.9","0.200","0.200","0.200","0.400","0.309","0.313","0.210","3","15","78.4","8.7","2249","83.1","82.13","19","38","79","-1.0","5.82","110","150","115","143","299","321","291"
"119",459987,"Cesar Ramos","785","15.2","0.111","0.000","0.250","0.111","0.140","0.119","0.081","3","27","71.0","2.4","2575","68.8","67.40","18","43","75","-1.4","5.43","109","148","113","146","301","329","297"
"119",543331,"J.J. Hoover","1277","9.3","0.294","0.353","0.231","0.647","0.393","0.271","0.221","5","17","84.2","13.6","2575","76.1","74.35","9","33","86","-1.8","5.13","111","148","110","147","298","318","293"
"116",543734,"Chris Rusin","3339","3.5","0.222","0.148","0.375","0.370","0.248","0.193","0.192","6","27","84.6","3.1","2779","79.6","77.70","12","47","69","-1.9","4.85","113","150","114","147","298","319","298"
"116",554374,"Ariel Hernandez","434","26.7","0.071","0.107","0.100","0.179","0.159","0.158","0.107","2","28","76.1","0.7","2860","87.2","85.25","19","40","76","-1.9","5.08","117","148","114","146","302","307","284"
"113",453385,"Clayton Richard","6518","1.7","0.300","0.150","0.294","0.450","0.309","0.298","0.255","6","20","81.5","-2.9","2177","81.5","80.42","20","53","59","-1.1","5.72","104","151","109","145","293","318","294"
"112",621366,"Ryan Borucki","1582","7.1","0.308","0.115","0.444","0.423","0.313","0.188","0.198","8","26","82.8","7.8","2241","77.2","76.51","10","43","69","-0.7","5.80","107","152","113","144","290","311","290"
"112",622098,"Drew Smith","436","25.7","0.192","0.115","0.190","0.308","0.223","0.236","0.190","5","26","84.1","19.6","2713","80.5","78.99","11","48","64","-1.5","5.41","105","150","108","145","297","322","299"
"112",642239,"Rob Zastryzny","607","18.5","0.172","0.138","0.235","0.310","0.248","0.239","0.160","5","29","81.4","16.8","2052","77.1","76.88","25","55","56","-0.2","6.16","115","153","112","149","299","323","300"
"111",475243,"Travis Wood","2727","4.1","0.714","0.357","0.692","1.071","0.756","0.570","0.508","10","14","89.0","7.2","1717","72.0","70.37","4","30","80","-1.6","5.21","110","151","110","146","297","320","296"
"111",594736,"Cody Anderson","996","11.1","0.192","0.115","0.267","0.308","0.231","0.312","0.269","5","26","82.7","2.3","2467","82.0","80.96","14","43","67","-1.0","5.60","110","151","112","147","296","312","287"
"109",493200,"Seunghwan Oh","3495","3.1","0.278","0.333","0.250","0.611","0.350","0.196","0.152","5","18","84.4","20.3","2561","74.2","72.83","8","30","79","-1.4","5.33","114","150","110","146","297","320","302"
"108",459429,"Jake McGee","2647","4.1","0.296","0.259","0.353","0.556","0.382","0.306","0.239","8","27","80.7","7.1","2118","76.4","75.61","11","46","61","-0.8","5.64","111","148","116","145","301","324","302"
"106",643617,"Zac Reininger","559","19.0","0.333","0.111","0.400","0.444","0.335","0.245","0.239","6","18","81.0","5.1","2608","78.8","78.44","12","38","68","-0.4","5.92","109","153","119","144","297","324","289"
"106",592533,"Cody Martin","450","23.6","0.115","0.115","0.143","0.231","0.165","0.253","0.210","3","26","86.0","2.6","2403","74.1","72.79","13","34","72","-1.3","5.90","109","150","113","145","292","311","291"
"105",543867,"Nik Turley","323","32.5","0.200","0.067","0.300","0.267","0.283","0.259","0.182","3","15","70.8","-9.9","2736","78.4","77.43","5","28","74","-1.0","5.89","107","146","112","143","289","309","285"
"105",571871,"Ian Krol","1783","5.9","0.172","0.207","0.267","0.379","0.242","0.236","0.192","5","29","75.1","-1.3","2412","78.1","76.34","14","43","60","-1.8","5.20","107","147","113","148","295","312","287"
"104",623167,"Chris Flexen","1062","9.8","0.520","0.600","0.500","1.120","0.676","0.434","0.347","13","25","80.8","14.4","2564","79.5","78.63","6","41","63","-0.9","5.82","109","147","108","146","291","311","293"
"104",592547,"Deck McGuire","925","11.2","0.217","0.000","0.417","0.217","0.312","0.282","0.155","5","23","76.9","8.6","2622","76.5","74.69","12","40","60","-1.8","5.42","114","152","115","147","295","317","300"
"103",621052,"Alex Reyes","866","11.9","0.267","0.067","0.444","0.333","0.287","0.257","0.218","4","15","83.6","8.3","2484","79.9","78.31","6","22","80","-1.6","5.60","111","149","110","145","292","307","295"
"100",582494,"Robby Scott","857","11.7","0.286","0.143","0.400","0.429","0.383","0.392","0.278","2","7","78.2","17.5","2310","73.6","73.01","8","21","78","-0.6","6.32","110","149","113","148","284","322","287"
"100",521230,"Liam Hendriks","2693","3.7","0.211","0.000","0.364","0.211","0.185","0.217","0.216","4","19","79.6","3.3","1904","78.6","78.68","14","43","57","0.1","6.16","112","156","113","150","294","322","300"